Id,date,TotalMinutesAsleep,TotalTimeInBed,SleepQuality
1503960366,2016-03-13,411,426,0.9647887323943662
1503960366,2016-03-14,354,386,0.917098445595855
1503960366,2016-03-15,312,335,0.9313432835820895
1503960366,2016-03-16,333,366,0.9098360655737705
1503960366,2016-03-17,402,437,0.919908466819222
1503960366,2016-03-18,379,411,0.9221411192214112
1503960366,2016-03-19,447,468,0.9551282051282052
1503960366,2016-03-20,469,476,0.9852941176470589
1503960366,2016-03-21,390,427,0.9133489461358314
1503960366,2016-03-23,281,297,0.9461279461279462
1503960366,2016-03-24,303,344,0.8808139534883721
1503960366,2016-03-25,351,386,0.9093264248704663
1503960366,2016-03-26,437,472,0.9258474576271186
1503960366,2016-03-27,483,506,0.9545454545454546
1503960366,2016-03-28,73,77,0.948051948051948
1503960366,2016-03-29,349,378,0.9232804232804233
1503960366,2016-03-31,308,336,0.9166666666666666
1503960366,2016-04-01,283,306,0.9248366013071896
1503960366,2016-04-02,439,509,0.862475442043222
1503960366,2016-04-03,379,426,0.8896713615023474
1503960366,2016-04-04,294,337,0.8724035608308606
1503960366,2016-04-05,280,309,0.9061488673139159
1503960366,2016-04-09,380,407,0.9336609336609336
1503960366,2016-04-10,455,478,0.9518828451882845
1503960366,2016-04-11,310,329,0.9422492401215805
1644430081,2016-03-27,373,495,0.7535353535353535
1644430081,2016-03-28,466,466,1.0
1644430081,2016-03-29,56,121,0.4628099173553719
1644430081,2016-03-30,538,840,0.6404761904761904
1844505072,2016-04-03,169,190,0.8894736842105263
1844505072,2016-04-04,771,771,1.0
1844505072,2016-04-09,221,636,0.3474842767295597
1844505072,2016-04-10,277,325,0.8523076923076923
1927972279,2016-03-11,29,36,0.8055555555555556
1927972279,2016-03-12,608,628,0.9681528662420382
1927972279,2016-03-13,505,516,0.9786821705426356
1927972279,2016-03-14,173,179,0.9664804469273743
1927972279,2016-03-15,68,68,1.0
1927972279,2016-03-16,599,645,0.9286821705426357
1927972279,2016-03-17,6,6,1.0
1927972279,2016-03-18,523,553,0.945750452079566
1927972279,2016-03-19,583,611,0.9541734860883797
1927972279,2016-03-20,548,576,0.9513888888888888
1927972279,2016-03-21,334,352,0.9488636363636364
1927972279,2016-03-22,379,394,0.9619289340101523
1927972279,2016-03-23,447,474,0.9430379746835443
1927972279,2016-03-24,428,437,0.9794050343249427
1927972279,2016-03-25,60,63,0.9523809523809523
1927972279,2016-03-26,387,406,0.9532019704433498
1927972279,2016-03-27,112,120,0.9333333333333333
1927972279,2016-03-28,219,230,0.9521739130434783
1927972279,2016-03-29,563,588,0.9574829931972789
1927972279,2016-03-30,401,404,0.9925742574257426
1927972279,2016-03-31,493,520,0.948076923076923
1927972279,2016-04-01,369,383,0.9634464751958225
1927972279,2016-04-02,280,315,0.8888888888888888
1927972279,2016-04-03,107,111,0.963963963963964
1927972279,2016-04-04,465,483,0.9627329192546584
1927972279,2016-04-05,393,420,0.9357142857142857
1927972279,2016-04-06,414,429,0.965034965034965
1927972279,2016-04-09,39,47,0.8297872340425532
1927972279,2016-04-10,479,496,0.9657258064516129
1927972279,2016-04-11,496,525,0.9447619047619048
1927972279,2016-04-12,482,498,0.9678714859437751
2022484408,2016-03-13,135,144,0.9375
2026352035,2016-03-11,126,149,0.8456375838926175
2026352035,2016-03-12,540,572,0.9440559440559441
2026352035,2016-03-13,648,671,0.9657228017883756
2026352035,2016-03-14,510,538,0.9479553903345725
2026352035,2016-03-15,422,436,0.9678899082568807
2026352035,2016-03-16,144,163,0.8834355828220859
2026352035,2016-03-17,479,510,0.9392156862745098
2026352035,2016-03-18,575,611,0.9410801963993454
2026352035,2016-03-19,515,550,0.9363636363636364
2026352035,2016-03-20,545,588,0.9268707482993197
2026352035,2016-03-21,567,604,0.9387417218543046
2026352035,2016-03-22,520,545,0.9541284403669725
2026352035,2016-03-23,562,600,0.9366666666666666
2026352035,2016-03-24,531,567,0.9365079365079365
2026352035,2016-03-25,495,526,0.94106463878327
2026352035,2016-03-26,579,621,0.9323671497584541
2026352035,2016-03-27,545,581,0.9380378657487092
2026352035,2016-03-28,510,539,0.9461966604823747
2026352035,2016-03-29,482,521,0.9251439539347409
2026352035,2016-03-30,468,520,0.9
2026352035,2016-03-31,524,555,0.9441441441441442
2026352035,2016-04-01,514,544,0.9448529411764706
2026352035,2016-04-02,528,575,0.9182608695652174
2026352035,2016-04-03,534,605,0.8826446280991735
2026352035,2016-04-04,493,533,0.924953095684803
2026352035,2016-04-05,531,571,0.9299474605954466
2026352035,2016-04-06,465,517,0.8994197292069632
2026352035,2016-04-07,540,597,0.9045226130653267
2026352035,2016-04-08,521,548,0.9507299270072993
2026352035,2016-04-09,490,555,0.8828828828828829
2026352035,2016-04-10,504,556,0.9064748201438849
2026352035,2016-04-11,541,582,0.929553264604811
2026352035,2016-04-12,341,354,0.963276836158192
2347167796,2016-03-11,14,17,0.8235294117647058
2347167796,2016-03-12,474,499,0.9498997995991983
2347167796,2016-03-13,577,620,0.9306451612903226
2347167796,2016-03-14,432,468,0.9230769230769231
2347167796,2016-03-15,501,565,0.8867256637168142
2347167796,2016-03-16,446,475,0.9389473684210526
2347167796,2016-03-17,383,413,0.927360774818402
2347167796,2016-03-18,435,536,0.8115671641791045
2347167796,2016-03-19,250,261,0.9578544061302682
2347167796,2016-03-20,529,585,0.9042735042735043
2347167796,2016-03-21,452,484,0.9338842975206612
2347167796,2016-03-22,488,523,0.9330783938814532
2347167796,2016-03-23,449,493,0.9107505070993914
2347167796,2016-03-24,435,491,0.8859470468431772
2347167796,2016-03-25,313,350,0.8942857142857142
2347167796,2016-03-27,107,144,0.7430555555555556
2347167796,2016-03-28,516,560,0.9214285714285714
2347167796,2016-03-29,422,472,0.8940677966101694
2347167796,2016-03-30,472,514,0.9182879377431906
2347167796,2016-03-31,517,577,0.8960138648180243
2347167796,2016-04-01,374,391,0.9565217391304348
2347167796,2016-04-02,417,463,0.9006479481641468
2347167796,2016-04-03,579,625,0.9264
2347167796,2016-04-04,472,525,0.8990476190476191
2347167796,2016-04-05,395,448,0.8816964285714286
2347167796,2016-04-06,372,425,0.8752941176470588
2347167796,2016-04-07,70,76,0.9210526315789473
2347167796,2016-04-08,380,405,0.9382716049382716
2347167796,2016-04-09,18,21,0.8571428571428571
2347167796,2016-04-10,601,659,0.9119878603945372
2347167796,2016-04-11,353,399,0.8847117794486216
3977333714,2016-03-13,304,475,0.64
3977333714,2016-03-14,303,421,0.7197149643705463
3977333714,2016-03-15,257,387,0.6640826873385013
3977333714,2016-03-16,208,321,0.6479750778816199
3977333714,2016-03-17,356,481,0.7401247401247402
3977333714,2016-04-01,297,430,0.6906976744186046
3977333714,2016-04-02,199,290,0.6862068965517242
3977333714,2016-04-03,222,359,0.6183844011142061
3977333714,2016-04-04,205,374,0.5481283422459893
3977333714,2016-04-05,378,486,0.7777777777777778
3977333714,2016-04-06,296,426,0.6948356807511737
3977333714,2016-04-07,221,405,0.5456790123456791
3977333714,2016-04-08,305,480,0.6354166666666666
3977333714,2016-04-09,273,418,0.65311004784689
3977333714,2016-04-10,293,452,0.6482300884955752
3977333714,2016-04-11,282,415,0.6795180722891566
4020332650,2016-03-12,384,429,0.8951048951048951
4020332650,2016-03-13,505,533,0.9474671669793621
4020332650,2016-03-14,265,290,0.9137931034482759
4020332650,2016-03-15,331,341,0.9706744868035191
4020332650,2016-03-16,459,493,0.9310344827586207
4020332650,2016-03-17,374,407,0.918918918918919
4020332650,2016-03-30,366,387,0.9457364341085271
4020332650,2016-03-31,259,268,0.9664179104477612
4020332650,2016-04-01,429,450,0.9533333333333334
4020332650,2016-04-02,499,508,0.9822834645669292
4020332650,2016-04-03,387,399,0.9699248120300752
4020332650,2016-04-04,463,478,0.9686192468619247
4020332650,2016-04-06,245,257,0.953307392996109
4020332650,2016-04-10,74,74,1.0
4020332650,2016-04-11,426,438,0.9726027397260274
4319703577,2016-03-11,78,90,0.8666666666666667
4319703577,2016-03-12,503,517,0.9729206963249516
4319703577,2016-03-13,364,376,0.9680851063829787
4319703577,2016-03-14,94,100,0.94
4319703577,2016-03-15,458,490,0.9346938775510204
4319703577,2016-03-16,496,531,0.9340866290018832
4319703577,2016-03-17,495,529,0.9357277882797732
4319703577,2016-03-18,481,503,0.9562624254473161
4319703577,2016-03-19,473,505,0.9366336633663367
4319703577,2016-03-20,450,488,0.9221311475409836
4319703577,2016-03-21,428,466,0.9184549356223176
4319703577,2016-03-22,63,64,0.984375
4319703577,2016-03-23,490,510,0.9607843137254902
4319703577,2016-03-24,412,429,0.9603729603729604
4319703577,2016-03-25,519,558,0.9301075268817204
4319703577,2016-03-26,489,517,0.9458413926499033
4319703577,2016-03-27,583,613,0.9510603588907015
4319703577,2016-03-28,498,525,0.9485714285714286
4319703577,2016-03-29,514,547,0.9396709323583181
4319703577,2016-03-30,454,478,0.9497907949790795
4319703577,2016-03-31,38,47,0.8085106382978723
4319703577,2016-04-01,466,484,0.9628099173553719
4319703577,2016-04-02,529,543,0.9742173112338858
4319703577,2016-04-03,568,583,0.9742710120068611
4319703577,2016-04-04,473,505,0.9366336633663367
4319703577,2016-04-05,507,544,0.9319852941176471
4319703577,2016-04-06,901,959,0.9395203336809176
4319703577,2016-04-07,433,450,0.9622222222222222
4445114986,2016-03-12,361,381,0.94750656167979
4445114986,2016-03-13,348,353,0.9858356940509915
4445114986,2016-03-15,487,560,0.8696428571428572
4445114986,2016-03-16,388,418,0.9282296650717703
4445114986,2016-03-17,217,231,0.9393939393939394
4445114986,2016-03-19,137,156,0.8782051282051282
4445114986,2016-03-20,539,552,0.9764492753623188
4445114986,2016-03-21,195,209,0.9330143540669856
4445114986,2016-03-22,344,360,0.9555555555555556
4445114986,2016-03-24,380,405,0.9382716049382716
4445114986,2016-03-25,325,344,0.9447674418604651
4445114986,2016-03-26,156,166,0.9397590361445783
4445114986,2016-03-27,318,325,0.9784615384615385
4445114986,2016-03-28,359,376,0.9547872340425532
4445114986,2016-03-29,442,478,0.9246861924686193
4445114986,2016-03-31,360,416,0.8653846153846154
4445114986,2016-04-01,311,337,0.9228486646884273
4445114986,2016-04-02,469,495,0.9474747474747475
4445114986,2016-04-05,465,496,0.9375
4445114986,2016-04-06,431,450,0.9577777777777777
4445114986,2016-04-07,262,268,0.9776119402985075
4445114986,2016-04-08,219,233,0.9399141630901288
4445114986,2016-04-09,391,443,0.8826185101580135
4445114986,2016-04-10,347,369,0.940379403794038
4445114986,2016-04-11,395,428,0.9228971962616822
4445114986,2016-04-12,308,332,0.927710843373494
4558609924,2016-03-30,96,101,0.9504950495049505
4558609924,2016-03-31,190,191,0.9947643979057592
4558609924,2016-04-02,86,87,0.9885057471264368
4558609924,2016-04-03,274,277,0.9891696750902527
4702921684,2016-03-11,119,124,0.9596774193548387
4702921684,2016-03-12,454,478,0.9497907949790795
4702921684,2016-03-13,281,288,0.9756944444444444
4702921684,2016-03-14,437,457,0.9562363238512035
4702921684,2016-03-15,453,467,0.9700214132762313
4702921684,2016-03-16,461,488,0.944672131147541
4702921684,2016-03-17,446,464,0.9612068965517241
4702921684,2016-03-18,345,364,0.9478021978021978
4702921684,2016-03-21,99,102,0.9705882352941176
4702921684,2016-03-22,428,458,0.9344978165938864
4702921684,2016-03-23,429,466,0.9206008583690987
4702921684,2016-03-24,428,460,0.9304347826086956
4702921684,2016-03-25,458,487,0.9404517453798767
4702921684,2016-03-26,404,418,0.9665071770334929
4702921684,2016-03-27,563,598,0.9414715719063546
4702921684,2016-03-28,419,426,0.9835680751173709
4702921684,2016-03-29,413,430,0.9604651162790697
4702921684,2016-03-30,421,455,0.9252747252747253
4702921684,2016-03-31,420,425,0.9882352941176471
4702921684,2016-04-01,454,475,0.9557894736842105
4702921684,2016-04-02,538,566,0.950530035335689
4702921684,2016-04-03,558,586,0.9522184300341296
4702921684,2016-04-04,419,444,0.9436936936936937
4702921684,2016-04-05,404,440,0.9181818181818182
4702921684,2016-04-06,454,475,0.9557894736842105
4702921684,2016-04-07,448,460,0.9739130434782609
4702921684,2016-04-08,345,370,0.9324324324324325
4702921684,2016-04-09,425,588,0.7227891156462585
4702921684,2016-04-10,533,555,0.9603603603603603
4702921684,2016-04-11,329,334,0.9850299401197605
5553957443,2016-03-12,707,760,0.9302631578947368
5553957443,2016-03-13,756,833,0.907563025210084
5553957443,2016-03-14,273,313,0.8722044728434505
5553957443,2016-03-15,378,429,0.8811188811188811
5553957443,2016-03-16,319,365,0.873972602739726
5553957443,2016-03-17,311,336,0.9255952380952381
5553957443,2016-03-18,105,115,0.9130434782608695
5553957443,2016-03-21,144,154,0.935064935064935
5553957443,2016-03-22,526,575,0.9147826086956522
5553957443,2016-03-23,249,297,0.8383838383838383
5553957443,2016-03-24,364,418,0.8708133971291866
5553957443,2016-03-25,607,675,0.8992592592592593
5553957443,2016-03-26,348,377,0.9230769230769231
5553957443,2016-03-27,665,752,0.8843085106382979
5553957443,2016-03-28,613,688,0.8909883720930233
5553957443,2016-03-29,314,358,0.8770949720670391
5553957443,2016-03-30,360,407,0.8845208845208845
5553957443,2016-03-31,351,395,0.8886075949367088
5553957443,2016-04-01,337,360,0.9361111111111111
5553957443,2016-04-02,791,903,0.875968992248062
5553957443,2016-04-03,742,840,0.8833333333333333
5553957443,2016-04-04,413,453,0.9116997792494481
5553957443,2016-04-05,340,383,0.8877284595300261
5553957443,2016-04-06,385,405,0.9506172839506173
5553957443,2016-04-07,338,376,0.898936170212766
5553957443,2016-04-08,379,417,0.9088729016786571
5553957443,2016-04-09,619,686,0.902332361516035
5553957443,2016-04-10,629,709,0.8871650211565585
5553957443,2016-04-11,428,459,0.9324618736383442
5553957443,2016-04-12,346,364,0.9505494505494505
5577150313,2016-03-11,156,161,0.968944099378882
5577150313,2016-03-12,523,562,0.9306049822064056
5577150313,2016-03-13,419,444,0.9436936936936937
5577150313,2016-03-14,364,373,0.9758713136729222
5577150313,2016-03-15,470,503,0.9343936381709742
5577150313,2016-03-16,446,466,0.9570815450643777
5577150313,2016-03-17,432,457,0.9452954048140044
5577150313,2016-03-18,421,438,0.9611872146118722
5577150313,2016-03-19,366,382,0.9581151832460733
5577150313,2016-03-20,619,655,0.9450381679389313
5577150313,2016-03-21,387,415,0.9325301204819277
5577150313,2016-03-22,99,109,0.908256880733945
5577150313,2016-03-23,511,561,0.910873440285205
5577150313,2016-03-24,390,414,0.9420289855072463
5577150313,2016-03-25,430,441,0.9750566893424036
5577150313,2016-03-26,438,471,0.9299363057324841
5577150313,2016-03-27,330,346,0.953757225433526
5577150313,2016-03-28,484,517,0.9361702127659575
5577150313,2016-03-29,451,478,0.9435146443514645
5577150313,2016-03-30,432,449,0.9621380846325167
5577150313,2016-03-31,426,456,0.9342105263157895
5577150313,2016-04-01,435,447,0.9731543624161074
5577150313,2016-04-02,355,385,0.922077922077922
5577150313,2016-04-03,389,415,0.9373493975903614
5577150313,2016-04-04,435,458,0.9497816593886463
5577150313,2016-04-05,390,414,0.9420289855072463
5577150313,2016-04-06,393,420,0.9357142857142857
5577150313,2016-04-07,454,496,0.9153225806451613
5577150313,2016-04-08,451,461,0.9783080260303688
5577150313,2016-04-09,499,516,0.9670542635658915
5577150313,2016-04-10,412,442,0.9321266968325792
5577150313,2016-04-11,312,333,0.9369369369369369
6117666160,2016-03-11,78,78,1.0
6117666160,2016-03-12,644,668,0.9640718562874252
6117666160,2016-03-13,117,120,0.975
6117666160,2016-03-14,626,670,0.9343283582089552
6117666160,2016-03-15,482,501,0.9620758483033932
6117666160,2016-03-16,606,655,0.9251908396946565
6117666160,2016-03-17,638,653,0.9770290964777948
6117666160,2016-03-18,598,654,0.9143730886850153
6117666160,2016-03-19,611,644,0.9487577639751553
6117666160,2016-03-20,535,551,0.9709618874773139
6117666160,2016-03-21,493,509,0.9685658153241651
6117666160,2016-03-22,376,404,0.9306930693069307
6117666160,2016-03-23,484,542,0.8929889298892989
6117666160,2016-03-24,699,790,0.8848101265822785
6117666160,2016-03-25,510,523,0.9751434034416826
6117666160,2016-03-26,436,467,0.9336188436830836
6117666160,2016-03-27,496,515,0.9631067961165048
6117666160,2016-03-28,21,33,0.6363636363636364
6117666160,2016-03-29,556,573,0.9703315881326352
6117666160,2016-03-30,101,106,0.9528301886792453
6117666160,2016-03-31,589,609,0.9671592775041051
6117666160,2016-04-01,558,586,0.9522184300341296
6117666160,2016-04-02,454,466,0.9742489270386266
6117666160,2016-04-05,61,66,0.9242424242424242
6117666160,2016-04-06,523,561,0.9322638146167558
6117666160,2016-04-07,499,514,0.9708171206225681
6117666160,2016-04-09,435,467,0.9314775160599572
6775888955,2016-03-11,66,75,0.88
6775888955,2016-03-12,421,438,0.9611872146118722
6775888955,2016-03-13,37,39,0.9487179487179487
6775888955,2016-03-14,590,643,0.9175738724727839
6775888955,2016-03-15,119,122,0.9754098360655737
6775888955,2016-03-18,278,300,0.9266666666666666
6775888955,2016-03-19,387,403,0.9602977667493796
6775888955,2016-03-21,364,405,0.8987654320987655
6775888955,2016-03-25,36,69,0.5217391304347826
6775888955,2016-03-26,332,359,0.924791086350975
6775888955,2016-03-27,363,407,0.8918918918918919
6775888955,2016-03-28,454,504,0.9007936507936508
6775888955,2016-03-31,290,307,0.9446254071661238
6775888955,2016-04-01,10,13,0.7692307692307693
6775888955,2016-04-02,429,452,0.9491150442477876
6775888955,2016-04-06,441,467,0.9443254817987152
6775888955,2016-04-07,275,291,0.9450171821305842
6962181067,2016-03-11,23,31,0.7419354838709677
6962181067,2016-03-12,522,533,0.9793621013133208
6962181067,2016-03-13,483,497,0.971830985915493
6962181067,2016-03-14,431,461,0.9349240780911063
6962181067,2016-03-15,360,389,0.9254498714652957
6962181067,2016-03-16,329,354,0.9293785310734464
6962181067,2016-03-17,381,395,0.9645569620253165
6962181067,2016-03-18,421,454,0.9273127753303965
6962181067,2016-03-19,487,499,0.9759519038076152
6962181067,2016-03-20,449,467,0.961456102783726
6962181067,2016-03-21,427,434,0.9838709677419355
6962181067,2016-03-22,537,550,0.9763636363636363
6962181067,2016-03-23,563,568,0.9911971830985915
6962181067,2016-03-24,461,474,0.9725738396624473
6962181067,2016-03-25,503,528,0.9526515151515151
6962181067,2016-03-26,476,487,0.9774127310061602
6962181067,2016-03-27,516,552,0.9347826086956522
6962181067,2016-03-28,515,538,0.9572490706319703
6962181067,2016-03-29,397,399,0.9949874686716792
6962181067,2016-03-30,418,432,0.9675925925925926
6962181067,2016-03-31,509,529,0.9621928166351607
6962181067,2016-04-01,527,532,0.9906015037593985
6962181067,2016-04-02,399,415,0.9614457831325302
6962181067,2016-04-03,537,568,0.9454225352112676
6962181067,2016-04-04,363,399,0.9097744360902256
6962181067,2016-04-05,358,406,0.8817733990147784
6962181067,2016-04-06,474,502,0.9442231075697212
6962181067,2016-04-07,423,430,0.9837209302325581
6962181067,2016-04-08,402,403,0.9975186104218362
6962181067,2016-04-09,434,455,0.9538461538461539
6962181067,2016-04-10,414,429,0.965034965034965
6962181067,2016-04-11,393,406,0.9679802955665024
6962181067,2016-04-12,366,387,0.9457364341085271
7007744171,2016-03-14,87,88,0.9886363636363636
7007744171,2016-03-24,62,67,0.9253731343283582
7007744171,2016-03-26,57,64,0.890625
7007744171,2016-03-30,63,64,0.984375
7007744171,2016-04-02,56,69,0.8115942028985508
7007744171,2016-04-03,70,73,0.958904109589041
7007744171,2016-04-05,66,70,0.9428571428571428
7007744171,2016-04-07,63,66,0.9545454545454546
7086361926,2016-03-12,557,567,0.982363315696649
7086361926,2016-03-13,20,23,0.8695652173913043
7086361926,2016-03-14,414,428,0.9672897196261683
7086361926,2016-03-15,392,399,0.9824561403508771
7086361926,2016-03-16,404,412,0.9805825242718447
7086361926,2016-03-17,396,415,0.9542168674698795
7086361926,2016-03-20,460,466,0.9871244635193133
7086361926,2016-03-21,521,535,0.9738317757009346
7086361926,2016-03-23,440,459,0.9586056644880174
7086361926,2016-03-25,281,288,0.9756944444444444
7086361926,2016-03-26,311,329,0.9452887537993921
7086361926,2016-03-27,68,69,0.9855072463768116
7086361926,2016-03-28,228,238,0.957983193277311
7086361926,2016-03-29,470,522,0.9003831417624522
7086361926,2016-03-30,615,658,0.9346504559270516
7086361926,2016-03-31,635,662,0.959214501510574
7086361926,2016-04-01,410,441,0.9297052154195011
7086361926,2016-04-02,552,566,0.9752650176678446
7086361926,2016-04-05,89,91,0.978021978021978
7086361926,2016-04-06,454,469,0.9680170575692963
7086361926,2016-04-07,503,512,0.982421875
7086361926,2016-04-08,389,405,0.9604938271604938
7086361926,2016-04-09,466,487,0.9568788501026694
7086361926,2016-04-10,36,45,0.8
7086361926,2016-04-11,497,505,0.9841584158415841
7086361926,2016-04-12,410,416,0.9855769230769231
8053475328,2016-03-29,498,501,0.9940119760479041
8378563200,2016-03-11,110,112,0.9821428571428571
8378563200,2016-03-12,577,672,0.8586309523809523
8378563200,2016-03-13,521,560,0.9303571428571429
8378563200,2016-03-14,331,365,0.9068493150684932
8378563200,2016-03-15,349,377,0.9257294429708223
8378563200,2016-03-16,382,404,0.9455445544554455
8378563200,2016-03-17,390,422,0.9241706161137441
8378563200,2016-03-18,561,599,0.9365609348914858
8378563200,2016-03-19,489,516,0.9476744186046512
8378563200,2016-03-20,443,473,0.9365750528541226
8378563200,2016-03-21,416,441,0.9433106575963719
8378563200,2016-03-22,445,477,0.9329140461215933
8378563200,2016-03-23,356,382,0.9319371727748691
8378563200,2016-03-24,420,451,0.9312638580931264
8378563200,2016-03-25,271,278,0.9748201438848921
8378563200,2016-03-26,615,681,0.9030837004405287
8378563200,2016-03-27,568,593,0.9578414839797639
8378563200,2016-03-28,434,455,0.9538461538461539
8378563200,2016-03-29,321,349,0.9197707736389685
8378563200,2016-03-30,563,606,0.929042904290429
8378563200,2016-03-31,428,458,0.9344978165938864
8378563200,2016-04-01,408,432,0.9444444444444444
8378563200,2016-04-02,582,639,0.9107981220657277
8378563200,2016-04-03,529,558,0.9480286738351255
8378563200,2016-04-04,417,441,0.9455782312925171
8378563200,2016-04-05,414,437,0.9473684210526315
8378563200,2016-04-06,403,421,0.9572446555819477
8378563200,2016-04-07,458,495,0.9252525252525252
8378563200,2016-04-08,302,323,0.934984520123839
8378563200,2016-04-09,405,487,0.8316221765913757
8378563200,2016-04-10,568,596,0.9530201342281879
8378563200,2016-04-11,330,356,0.9269662921348315
8378563200,2016-04-12,247,255,0.9686274509803922
8792009665,2016-03-27,391,420,0.930952380952381
8792009665,2016-03-28,389,407,0.9557739557739557
8792009665,2016-03-29,196,205,0.9560975609756097
8792009665,2016-03-30,442,459,0.9629629629629629
8792009665,2016-04-01,480,504,0.9523809523809523
8792009665,2016-04-03,479,517,0.9264990328820116
8792009665,2016-04-04,566,595,0.9512605042016806
8792009665,2016-04-05,384,414,0.927536231884058
8792009665,2016-04-06,427,463,0.9222462203023758
8792009665,2016-04-07,446,475,0.9389473684210526
8792009665,2016-04-08,424,447,0.9485458612975392
8792009665,2016-04-09,601,638,0.9420062695924765
1503960366,2016-04-12,327,346,0.9450867052023122
1503960366,2016-04-13,384,407,0.9434889434889435
1503960366,2016-04-15,412,442,0.9321266968325792
1503960366,2016-04-16,340,367,0.9264305177111717
1503960366,2016-04-17,700,712,0.9831460674157303
1503960366,2016-04-19,304,320,0.95
1503960366,2016-04-20,360,377,0.9549071618037135
1503960366,2016-04-21,325,364,0.8928571428571429
1503960366,2016-04-23,361,384,0.9401041666666666
1503960366,2016-04-24,430,449,0.9576837416481069
1503960366,2016-04-25,277,323,0.8575851393188855
1503960366,2016-04-26,245,274,0.8941605839416058
1503960366,2016-04-28,366,393,0.9312977099236641
1503960366,2016-04-29,341,354,0.963276836158192
1503960366,2016-04-30,404,425,0.9505882352941176
1503960366,2016-05-01,369,396,0.9318181818181818
1503960366,2016-05-02,277,309,0.8964401294498382
1503960366,2016-05-03,273,296,0.9222972972972973
1503960366,2016-05-05,247,264,0.9356060606060606
1503960366,2016-05-06,334,367,0.9100817438692098
1503960366,2016-05-07,331,349,0.9484240687679083
1503960366,2016-05-08,594,611,0.972176759410802
1503960366,2016-05-09,338,342,0.9883040935672515
1503960366,2016-05-10,383,403,0.9503722084367245
1503960366,2016-05-11,285,306,0.9313725490196079
1644430081,2016-04-29,119,127,0.937007874015748
1644430081,2016-04-30,124,142,0.8732394366197183
1644430081,2016-05-02,796,961,0.8283038501560874
1644430081,2016-05-08,137,154,0.8896103896103896
1844505072,2016-04-15,644,961,0.6701352757544224
1844505072,2016-04-30,722,961,0.7513007284079084
1844505072,2016-05-01,590,961,0.6139438085327783
1927972279,2016-04-12,750,775,0.967741935483871
1927972279,2016-04-13,398,422,0.943127962085308
1927972279,2016-04-15,475,499,0.9519038076152304
1927972279,2016-04-26,296,315,0.9396825396825397
1927972279,2016-04-28,166,178,0.9325842696629213
2026352035,2016-04-12,503,546,0.9212454212454212
2026352035,2016-04-13,531,565,0.9398230088495575
2026352035,2016-04-14,545,568,0.9595070422535211
2026352035,2016-04-15,523,573,0.912739965095986
2026352035,2016-04-16,524,567,0.9241622574955908
2026352035,2016-04-17,437,498,0.8775100401606426
2026352035,2016-04-19,498,540,0.9222222222222223
2026352035,2016-04-20,461,510,0.903921568627451
2026352035,2016-04-21,477,514,0.9280155642023347
2026352035,2016-04-22,520,545,0.9541284403669725
2026352035,2016-04-23,522,554,0.9422382671480144
2026352035,2016-04-24,555,591,0.9390862944162437
2026352035,2016-04-25,506,531,0.9529190207156308
2026352035,2016-04-27,508,545,0.9321100917431193
2026352035,2016-04-28,513,545,0.9412844036697248
2026352035,2016-04-29,490,510,0.9607843137254902
2026352035,2016-04-30,573,607,0.943986820428336
2026352035,2016-05-01,527,546,0.9652014652014652
2026352035,2016-05-02,511,543,0.9410681399631676
2026352035,2016-05-04,538,560,0.9607142857142857
2026352035,2016-05-05,468,485,0.9649484536082474
2026352035,2016-05-06,524,548,0.9562043795620438
2026352035,2016-05-07,511,521,0.980806142034549
2026352035,2016-05-08,541,568,0.9524647887323944
2026352035,2016-05-09,531,556,0.9550359712230215
2026352035,2016-05-10,357,380,0.9394736842105263
2026352035,2016-05-11,523,553,0.945750452079566
2026352035,2016-05-12,456,485,0.9402061855670103
2320127002,2016-04-23,61,69,0.8840579710144928
2347167796,2016-04-13,467,531,0.879472693032015
2347167796,2016-04-14,445,489,0.9100204498977505
2347167796,2016-04-15,452,504,0.8968253968253969
2347167796,2016-04-17,556,602,0.9235880398671097
2347167796,2016-04-18,500,557,0.8976660682226212
2347167796,2016-04-19,465,514,0.9046692607003891
2347167796,2016-04-21,460,484,0.9504132231404959
2347167796,2016-04-22,405,461,0.8785249457700651
2347167796,2016-04-23,374,386,0.9689119170984456
2347167796,2016-04-24,442,459,0.9629629629629629
2347167796,2016-04-25,433,471,0.9193205944798302
2347167796,2016-04-26,436,490,0.889795918367347
2347167796,2016-04-27,448,499,0.8977955911823647
2347167796,2016-04-28,408,450,0.9066666666666666
2347167796,2016-04-29,411,473,0.86892177589852
3977333714,2016-04-12,274,469,0.5842217484008528
3977333714,2016-04-13,295,456,0.6469298245614035
3977333714,2016-04-14,291,397,0.7329974811083123
3977333714,2016-04-15,424,556,0.762589928057554
3977333714,2016-04-16,283,510,0.5549019607843138
3977333714,2016-04-17,381,566,0.6731448763250883
3977333714,2016-04-18,412,522,0.789272030651341
3977333714,2016-04-19,219,395,0.5544303797468354
3977333714,2016-04-20,152,305,0.49836065573770494
3977333714,2016-04-21,332,512,0.6484375
3977333714,2016-04-22,355,476,0.7457983193277311
3977333714,2016-04-23,235,372,0.6317204301075269
3977333714,2016-04-24,310,526,0.5893536121673004
3977333714,2016-04-25,262,467,0.5610278372591007
3977333714,2016-04-26,250,371,0.6738544474393531
3977333714,2016-04-27,349,540,0.6462962962962963
3977333714,2016-04-28,261,423,0.6170212765957447
3977333714,2016-04-29,333,478,0.696652719665272
3977333714,2016-04-30,237,382,0.6204188481675392
3977333714,2016-05-01,383,626,0.6118210862619808
3977333714,2016-05-02,230,384,0.5989583333333334
3977333714,2016-05-03,292,500,0.584
3977333714,2016-05-04,213,336,0.6339285714285714
3977333714,2016-05-05,318,480,0.6625
3977333714,2016-05-06,323,512,0.630859375
3977333714,2016-05-07,237,443,0.5349887133182845
3977333714,2016-05-08,259,456,0.5679824561403509
3977333714,2016-05-10,312,452,0.6902654867256637
4020332650,2016-04-12,501,541,0.9260628465804066
4020332650,2016-04-16,77,77,1.0
4020332650,2016-05-03,322,332,0.9698795180722891
4020332650,2016-05-04,478,536,0.8917910447761194
4020332650,2016-05-05,226,248,0.9112903225806451
4020332650,2016-05-06,385,408,0.9436274509803921
4020332650,2016-05-08,364,402,0.9054726368159204
4020332650,2016-05-10,442,494,0.8947368421052632
4319703577,2016-04-14,535,557,0.9605026929982047
4319703577,2016-04-15,465,491,0.9470468431771895
4319703577,2016-04-16,506,522,0.9693486590038314
4319703577,2016-04-18,515,551,0.9346642468239564
4319703577,2016-04-19,461,498,0.9257028112449799
4319703577,2016-04-20,523,543,0.9631675874769797
4319703577,2016-04-21,59,65,0.9076923076923077
4319703577,2016-04-22,533,550,0.9690909090909091
4319703577,2016-04-23,692,722,0.9584487534626038
4319703577,2016-04-24,467,501,0.9321357285429142
4319703577,2016-04-25,488,506,0.9644268774703557
4319703577,2016-04-26,505,516,0.9786821705426356
4319703577,2016-04-27,286,307,0.9315960912052117
4319703577,2016-04-28,497,522,0.9521072796934866
4319703577,2016-04-29,523,546,0.9578754578754579
4319703577,2016-04-30,490,516,0.9496124031007752
4319703577,2016-05-01,484,500,0.968
4319703577,2016-05-02,478,506,0.9446640316205533
4319703577,2016-05-03,474,512,0.92578125
4319703577,2016-05-06,450,491,0.9164969450101833
4319703577,2016-05-07,507,530,0.9566037735849057
4319703577,2016-05-08,602,638,0.9435736677115988
4319703577,2016-05-09,535,565,0.9469026548672567
4319703577,2016-05-10,487,517,0.941972920696325
4319703577,2016-05-11,529,558,0.9480286738351255
4319703577,2016-05-12,302,321,0.940809968847352
4388161847,2016-04-15,499,526,0.9486692015209125
4388161847,2016-04-16,426,448,0.9508928571428571
4388161847,2016-04-17,619,641,0.9656786271450858
4388161847,2016-04-18,99,104,0.9519230769230769
4388161847,2016-04-19,329,338,0.9733727810650887
4388161847,2016-04-20,421,451,0.9334811529933481
4388161847,2016-04-21,442,458,0.9650655021834061
4388161847,2016-04-22,82,85,0.9647058823529412
4388161847,2016-04-23,478,501,0.9540918163672655
4388161847,2016-04-24,552,595,0.9277310924369748
4388161847,2016-04-26,319,346,0.9219653179190751
4388161847,2016-04-27,439,500,0.878
4388161847,2016-04-28,428,458,0.9344978165938864
4388161847,2016-04-30,409,430,0.9511627906976744
4388161847,2016-05-01,547,597,0.916247906197655
4388161847,2016-05-02,368,376,0.9787234042553191
4388161847,2016-05-04,390,414,0.9420289855072463
4388161847,2016-05-05,471,495,0.9515151515151515
4388161847,2016-05-05,471,495,0.9515151515151515
4388161847,2016-05-07,472,496,0.9516129032258065
4388161847,2016-05-08,529,541,0.977818853974122
4388161847,2016-05-09,62,65,0.9538461538461539
4388161847,2016-05-10,354,375,0.944
4388161847,2016-05-11,469,494,0.9493927125506073
4445114986,2016-04-12,429,457,0.9387308533916849
4445114986,2016-04-13,370,406,0.9113300492610837
4445114986,2016-04-14,441,492,0.8963414634146342
4445114986,2016-04-15,337,379,0.8891820580474934
4445114986,2016-04-16,462,499,0.9258517034068137
4445114986,2016-04-17,98,107,0.9158878504672897
4445114986,2016-04-19,388,424,0.9150943396226415
4445114986,2016-04-20,439,462,0.9502164502164502
4445114986,2016-04-21,436,469,0.929637526652452
4445114986,2016-04-22,388,417,0.9304556354916067
4445114986,2016-04-25,328,345,0.9507246376811594
4445114986,2016-04-26,353,391,0.9028132992327366
4445114986,2016-04-27,332,374,0.8877005347593583
4445114986,2016-04-28,419,442,0.9479638009049773
4445114986,2016-04-29,106,108,0.9814814814814815
4445114986,2016-04-30,322,353,0.9121813031161473
4445114986,2016-05-01,439,459,0.9564270152505446
4445114986,2016-05-02,502,542,0.9261992619926199
4445114986,2016-05-03,417,450,0.9266666666666666
4445114986,2016-05-04,337,363,0.928374655647383
4445114986,2016-05-05,462,513,0.9005847953216374
4445114986,2016-05-06,374,402,0.9303482587064676
4445114986,2016-05-07,401,436,0.9197247706422018
4445114986,2016-05-08,361,391,0.9232736572890026
4445114986,2016-05-09,457,533,0.8574108818011257
4445114986,2016-05-10,405,426,0.9507042253521126
4445114986,2016-05-11,499,530,0.9415094339622642
4445114986,2016-05-12,483,501,0.9640718562874252
4558609924,2016-04-21,126,137,0.9197080291970803
4558609924,2016-04-26,103,121,0.8512396694214877
4558609924,2016-04-29,171,179,0.9553072625698324
4558609924,2016-05-01,115,129,0.8914728682170543
4558609924,2016-05-08,123,134,0.917910447761194
4702921684,2016-04-12,425,439,0.9681093394077449
4702921684,2016-04-13,400,430,0.9302325581395349
4702921684,2016-04-14,384,415,0.9253012048192771
4702921684,2016-04-15,253,257,0.9844357976653697
4702921684,2016-04-16,382,406,0.9408866995073891
4702921684,2016-04-17,591,612,0.9656862745098039
4702921684,2016-04-18,293,312,0.9391025641025641
4702921684,2016-04-19,457,487,0.9383983572895277
4702921684,2016-04-20,454,468,0.9700854700854701
4702921684,2016-04-21,425,434,0.9792626728110599
4702921684,2016-04-23,465,475,0.9789473684210527
4702921684,2016-04-24,480,506,0.9486166007905138
4702921684,2016-04-25,370,380,0.9736842105263158
4702921684,2016-04-26,421,429,0.9813519813519813
4702921684,2016-04-27,432,449,0.9621380846325167
4702921684,2016-04-28,442,461,0.9587852494577006
4702921684,2016-04-29,433,447,0.9686800894854586
4702921684,2016-04-30,479,501,0.9560878243512974
4702921684,2016-05-03,327,373,0.8766756032171582
4702921684,2016-05-04,412,434,0.9493087557603687
4702921684,2016-05-05,414,428,0.9672897196261683
4702921684,2016-05-06,404,449,0.8997772828507795
4702921684,2016-05-07,520,543,0.9576427255985267
4702921684,2016-05-07,520,543,0.9576427255985267
4702921684,2016-05-09,435,458,0.9497816593886463
4702921684,2016-05-10,416,431,0.9651972157772621
4702921684,2016-05-11,354,366,0.9672131147540983
4702921684,2016-05-12,404,442,0.9140271493212669
5553957443,2016-04-12,441,464,0.9504310344827587
5553957443,2016-04-13,455,488,0.9323770491803278
5553957443,2016-04-14,357,418,0.854066985645933
5553957443,2016-04-15,377,409,0.921760391198044
5553957443,2016-04-16,651,686,0.9489795918367347
5553957443,2016-04-17,350,402,0.8706467661691543
5553957443,2016-04-18,520,541,0.9611829944547134
5553957443,2016-04-19,357,410,0.8707317073170732
5553957443,2016-04-20,658,678,0.9705014749262537
5553957443,2016-04-21,399,431,0.925754060324826
5553957443,2016-04-22,322,353,0.9121813031161473
5553957443,2016-04-23,631,725,0.8703448275862069
5553957443,2016-04-24,553,640,0.8640625
5553957443,2016-04-25,433,468,0.9252136752136753
5553957443,2016-04-26,412,453,0.9094922737306843
5553957443,2016-04-27,347,391,0.887468030690537
5553957443,2016-04-28,421,457,0.9212253829321663
5553957443,2016-04-29,450,495,0.9090909090909091
5553957443,2016-04-30,775,843,0.9193357058125742
5553957443,2016-05-01,622,686,0.9067055393586005
5553957443,2016-05-02,409,471,0.8683651804670913
5553957443,2016-05-03,380,429,0.8857808857808858
5553957443,2016-05-04,447,470,0.951063829787234
5553957443,2016-05-05,419,464,0.9030172413793104
5553957443,2016-05-06,400,434,0.9216589861751152
5553957443,2016-05-07,442,470,0.9404255319148936
5553957443,2016-05-08,568,608,0.9342105263157895
5553957443,2016-05-09,453,494,0.917004048582996
5553957443,2016-05-10,418,443,0.9435665914221218
5553957443,2016-05-11,463,486,0.9526748971193416
5553957443,2016-05-12,438,475,0.9221052631578948
5577150313,2016-04-12,419,438,0.95662100456621
5577150313,2016-04-13,432,458,0.9432314410480349
5577150313,2016-04-14,477,497,0.959758551307847
5577150313,2016-04-15,392,413,0.9491525423728814
5577150313,2016-04-16,406,445,0.9123595505617977
5577150313,2016-04-17,549,583,0.9416809605488851
5577150313,2016-04-18,527,553,0.9529837251356239
5577150313,2016-04-19,449,465,0.9655913978494624
5577150313,2016-04-20,447,480,0.93125
5577150313,2016-04-21,414,437,0.9473684210526315
5577150313,2016-04-22,338,366,0.9234972677595629
5577150313,2016-04-23,384,402,0.9552238805970149
5577150313,2016-04-24,543,615,0.8829268292682927
5577150313,2016-04-25,421,461,0.913232104121475
5577150313,2016-04-26,354,377,0.9389920424403183
5577150313,2016-04-27,424,452,0.9380530973451328
5577150313,2016-04-28,361,372,0.9704301075268817
5577150313,2016-04-29,459,485,0.9463917525773196
5577150313,2016-04-30,412,433,0.9515011547344111
5577150313,2016-05-01,379,398,0.9522613065326633
5577150313,2016-05-02,525,553,0.9493670886075949
5577150313,2016-05-03,508,543,0.9355432780847146
5577150313,2016-05-04,603,634,0.9511041009463722
5577150313,2016-05-05,74,78,0.9487179487179487
5577150313,2016-05-10,504,562,0.896797153024911
5577150313,2016-05-11,431,476,0.9054621848739496
6117666160,2016-04-16,380,398,0.9547738693467337
6117666160,2016-04-17,336,350,0.96
6117666160,2016-04-18,493,510,0.9666666666666667
6117666160,2016-04-19,465,492,0.9451219512195121
6117666160,2016-04-20,474,502,0.9442231075697212
6117666160,2016-04-21,508,550,0.9236363636363636
6117666160,2016-04-22,480,546,0.8791208791208791
6117666160,2016-04-23,492,539,0.9128014842300557
6117666160,2016-04-24,353,367,0.9618528610354223
6117666160,2016-04-27,542,557,0.9730700179533214
6117666160,2016-04-28,393,416,0.9447115384615384
6117666160,2016-04-29,600,636,0.9433962264150944
6117666160,2016-05-01,507,575,0.8817391304347826
6117666160,2016-05-05,392,415,0.944578313253012
6117666160,2016-05-06,658,698,0.9426934097421203
6117666160,2016-05-07,498,507,0.9822485207100592
6117666160,2016-05-08,555,603,0.9203980099502488
6117666160,2016-05-09,492,522,0.9425287356321839
6775888955,2016-04-13,235,260,0.9038461538461539
6775888955,2016-04-14,423,441,0.9591836734693877
6775888955,2016-04-15,391,406,0.9630541871921182
6962181067,2016-04-12,366,387,0.9457364341085271
6962181067,2016-04-13,630,679,0.9278350515463918
6962181067,2016-04-14,508,535,0.9495327102803738
6962181067,2016-04-15,370,386,0.9585492227979274
6962181067,2016-04-16,357,366,0.9754098360655737
6962181067,2016-04-17,427,446,0.9573991031390134
6962181067,2016-04-18,442,458,0.9650655021834061
6962181067,2016-04-19,476,535,0.8897196261682243
6962181067,2016-04-20,418,424,0.9858490566037735
6962181067,2016-04-21,451,457,0.986870897155361
6962181067,2016-04-22,425,435,0.9770114942528736
6962181067,2016-04-23,528,546,0.967032967032967
6962181067,2016-04-24,511,514,0.9941634241245136
6962181067,2016-04-25,400,415,0.963855421686747
6962181067,2016-04-26,441,446,0.9887892376681614
6962181067,2016-04-27,455,467,0.974304068522484
6962181067,2016-04-28,440,453,0.9713024282560706
6962181067,2016-04-29,433,447,0.9686800894854586
6962181067,2016-04-30,422,424,0.9952830188679245
6962181067,2016-05-01,411,426,0.9647887323943662
6962181067,2016-05-02,466,482,0.966804979253112
6962181067,2016-05-03,394,418,0.9425837320574163
6962181067,2016-05-04,442,455,0.9714285714285714
6962181067,2016-05-05,467,491,0.9511201629327902
6962181067,2016-05-06,443,462,0.9588744588744589
6962181067,2016-05-07,298,334,0.8922155688622755
6962181067,2016-05-08,541,569,0.9507908611599297
6962181067,2016-05-09,489,497,0.9839034205231388
6962181067,2016-05-10,469,481,0.975051975051975
6962181067,2016-05-11,452,480,0.9416666666666667
6962181067,2016-05-12,516,535,0.9644859813084112
7007744171,2016-04-16,79,82,0.9634146341463414
7007744171,2016-05-01,58,61,0.9508196721311475
7086361926,2016-04-12,514,525,0.979047619047619
7086361926,2016-04-13,451,465,0.9698924731182795
7086361926,2016-04-14,472,476,0.9915966386554622
7086361926,2016-04-15,377,386,0.9766839378238342
7086361926,2016-04-19,472,483,0.9772256728778468
7086361926,2016-04-20,492,502,0.9800796812749004
7086361926,2016-04-21,390,411,0.948905109489051
7086361926,2016-04-22,428,448,0.9553571428571429
7086361926,2016-04-24,681,704,0.9673295454545454
7086361926,2016-04-25,446,447,0.9977628635346756
7086361926,2016-04-26,485,500,0.97
7086361926,2016-04-27,469,479,0.9791231732776617
7086361926,2016-04-28,354,367,0.9645776566757494
7086361926,2016-04-30,485,489,0.9918200408997955
7086361926,2016-05-01,388,407,0.9533169533169533
7086361926,2016-05-02,440,459,0.9586056644880174
7086361926,2016-05-03,456,461,0.9891540130151844
7086361926,2016-05-04,420,436,0.963302752293578
7086361926,2016-05-06,322,333,0.9669669669669669
7086361926,2016-05-07,530,548,0.9671532846715328
7086361926,2016-05-08,481,510,0.9431372549019608
7086361926,2016-05-09,427,438,0.9748858447488584
7086361926,2016-05-11,451,463,0.9740820734341252
7086361926,2016-05-12,444,457,0.9715536105032823
8053475328,2016-04-20,486,493,0.9858012170385395
8053475328,2016-04-23,331,337,0.9821958456973294
8053475328,2016-05-07,74,75,0.9866666666666667
8378563200,2016-04-12,338,356,0.949438202247191
8378563200,2016-04-13,447,487,0.917864476386037
8378563200,2016-04-14,424,455,0.9318681318681319
8378563200,2016-04-15,513,533,0.9624765478424016
8378563200,2016-04-16,611,689,0.8867924528301887
8378563200,2016-04-17,525,591,0.8883248730964467
8378563200,2016-04-18,398,451,0.8824833702882483
8378563200,2016-04-19,387,421,0.9192399049881235
8378563200,2016-04-20,381,409,0.9315403422982885
8378563200,2016-04-21,396,417,0.9496402877697842
8378563200,2016-04-22,441,469,0.9402985074626866
8378563200,2016-04-23,565,591,0.9560067681895094
8378563200,2016-04-24,458,492,0.9308943089430894
8378563200,2016-04-25,388,402,0.9651741293532339
8378563200,2016-04-25,388,402,0.9651741293532339
8378563200,2016-04-26,550,584,0.9417808219178082
8378563200,2016-04-27,531,600,0.885
8378563200,2016-04-28,506,556,0.9100719424460432
8378563200,2016-04-29,527,562,0.9377224199288257
8378563200,2016-04-30,468,555,0.8432432432432433
8378563200,2016-05-01,475,539,0.8812615955473099
8378563200,2016-05-02,351,385,0.9116883116883117
8378563200,2016-05-03,405,429,0.9440559440559441
8378563200,2016-05-04,441,477,0.9245283018867925
8378563200,2016-05-05,381,417,0.9136690647482014
8378563200,2016-05-06,323,355,0.9098591549295775
8378563200,2016-05-07,459,513,0.8947368421052632
8378563200,2016-05-08,545,606,0.8993399339933993
8378563200,2016-05-09,359,399,0.899749373433584
8378563200,2016-05-10,342,391,0.8746803069053708
8378563200,2016-05-11,368,387,0.9509043927648578
8378563200,2016-05-12,496,546,0.9084249084249084
8792009665,2016-04-12,458,493,0.9290060851926978
8792009665,2016-04-13,531,552,0.9619565217391305
8792009665,2016-04-14,486,503,0.9662027833001988
8792009665,2016-04-15,363,377,0.9628647214854111
8792009665,2016-04-20,528,547,0.9652650822669104
8792009665,2016-04-22,391,407,0.9606879606879607
8792009665,2016-04-23,339,360,0.9416666666666667
8792009665,2016-04-27,423,428,0.9883177570093458
8792009665,2016-04-28,402,416,0.9663461538461539
8792009665,2016-04-29,398,406,0.9802955665024631
8792009665,2016-04-30,343,360,0.9527777777777777
8792009665,2016-05-01,503,527,0.9544592030360531
8792009665,2016-05-02,415,423,0.9810874704491725
8792009665,2016-05-03,516,545,0.9467889908256881
8792009665,2016-05-04,439,463,0.9481641468682506
